,text,category,comment_length,uppercase_amount,predicted_category
1230,"DOCTOR ADMITS ONCE HE INTUBATES PATIENTS 99 % OF THOSE PATIENTS DIED It 's never been about health or a cure ... its about big pharma and hospitals scheming for profit . This doctor gets it twisted and calls it "" politics . "" If a hospital admits a COVID - 19 patient , they get paid $ 13,000 . If that COVID - 19 patient goes on a ventilator , the hospital gets paid $ 39,000 - - - three times as much . While HCQ is better known , has fewer side - effects , and costs about $ 20 a dose for out - patients , Remdesivir is a therapeutic course that costs $ 2,340 / patient that has been proven to cause liver damage . Being intravenous , remdesivir requires expensive hospital care ( hospital receives an addl $ 13,000 from Medicare . ) There have been many accounts of hospitals placing non covid patients on covid floors ... increasing exposure and the hospital 's chance of cashing in more . This is why some hospitals refuse to allow family in . It 's not a "" safety "" protocol . They do n't want patient advocates like the woman in this video . ",CRITICAL,long,neutral,CONSPIRACY
3934,"The Ten Stages of Genocide - Happening as we speak . And if you do n't think this is already happening , I ca n't understand how . Most people think we 're at one stage or another . I 'm explaining what stage I think we 're at below : 1 . Classification : People are divided into "" us and them "" - Done already . It 's everywhere . 2 . Symbolization : People are FORCED to identify themselves - Done already . Words , naming groups ... being redefined . Unvaccinated , patriot , parents now being redefined as terrorists and threats . 3 . Discrimination : People begin to face systemic discrimination - Done already . Using law , courts , and private companies . Big tech censoring by social media , sometimes under direct orders of the US Gov't . 4 . Dehumanization : People equated with animals , vermin , or diseases - Done already and happening . Calling Trump supporters "" Deplorables "" , racists ... 5 . Organization : The government creates specific groups ( police / military ) to enforce the policies - Done already . Controlling all of pop culture , the media , big pharma , social media . This does n't seem organized to you ? 6 . Polarization : The government broadcasts propaganda to turn the populace against the group - Done already . Resident Biden 's AG Garland using the DOJ to go after parents as being terrorists . The "" National Strategy For Countering Domestic Terrorism "" pumped out by Biden 's Admin & DOJ by the Surgeon General for the Unvaccinated , patriots , parents ... Passing laws & "" Emergency Powers "" to go after the targeted groups . Resident Biden REPEATEDLY calling white Americans the greatest threat to the Nation . 7 . Preparation : Official action to remove / relocate people - Done already and happening . Bureau of Land Management & Oregon Farmers . Plans to relocate the unvaccinated . Imminent Domain . Bill Gates is now the largest land owner in the history of the Nation . Again , these passed laws , nuances , recommendations , guidelines , emergency powers ... Jan 6 protestors still being held ... 8 . Persecution : Beginning of murders , theft of property , trial massacres - Done already and happening . Jan 6 protestors still locked up without charges or a court date after almost a year , Bureau of Land Management , BLM and Antifa Riots / assaults / murders , murdering patriots on the streets on camera ( Portland , Colorado ) , the Vegas Massacre , and other false flag attacks 9 . Extermination : Wholesale extermination of the group . It is "" extermination "" and not murder because the people are not considered human - Done already & happening . How many deaths from the va88ine being forced ? How about the refusal to arrest , prosecute , or imprison certain races responsible for the majority of violent crimes against Americans ? How about the political activist "" Courts "" that persecute people who defend themselves , while allowing murders to go free based off their gender or race ? 10 : Denial : The government denies it has committed any crime . Done and already happening with every time you turn on a TV , go online , or are hearing about it because your kids are being forced to watch it in schools , every time you step foot in an airport and the news is on all the TVs . If you ca n't say any of this is not already happened or happening , then I 've got nothing for you except : "" Do n't come to me when you realize it 's too late "" I 've been watching this and trying to fight it for years . It 's a big part of why I live where I live . ",CONSPIRACY,long,low,CRITICAL
3121,"The Federalist article on controlled voluntary infection is reasonably argued . I do n't know if the author is right , but he makes an interesting case . Predictably , the only responses I 've seen so far are hysterical point - and - sputter condemnations , censorship & calls for the publication 's destruction . These tactics have been employed by Silicon Valley , ConInc & Cancel Culture Left against vaccine skeptics for several years . I reported on this a year ago this month : http :// michellemalkin . com / 2019 / 03 / 06 / vaccine - skeptics - under - siege / ",CRITICAL,long,low,CONSPIRACY
1813,"‚Äú A public official acting in contravention of their position of authority resulting in harm , injury , financial loss or damage to a third party , knowingly and willingly act in a manner with a realisation their actions are likely to cause harm , injury or loss . ‚Äù THE ACTION BY THE GOVERNING BODY IS LEGAL AND WITHIN THE LAW , BUT IT IS ILLEGAL IF IT IS PERFORMED IN SUCH A WAY AS TO CAUSE HARM OR LOSS OR INJURY TO ANOTHER . We are in a situation right now where multiple organisations and individuals in government , the civil service and many public institutions are committing these crimes by continuing to administer and allowing the administering of these vaccines with the express knowledge they are causing significant harm , injury and death . ‚Äú I ‚Äôm only doing my job . ‚Äù ‚Äú I ‚Äôm only following orders . ‚Äù ‚Äú The government says its lawful so it continues ‚Äù ‚Äú They are safe and effective ‚Äô ‚Äù These retorts are no longer acceptable and as such , having knowledge of harm and injury and continuing to administer the vaccines renders almost every single person involved complicit and guilty of these serious crimes . I have previously spoken to Dr Malhotra about making a criminal complaint to the Police . I have also made my views very clear regarding all police forces , they must set up major incident rooms , fully staffed with the right blend of professionals to obtain complaint statements from the many thousands of victims injured , or those who have suffered the loss of a loved one as a result of these experimental so called vaccines . What is even more alarming is the vaccines were never tested for preventing transmission , confirmed in a recent hearing by the head of Pfizer in the European Parliament . Taking the vaccine to protect Grandma and others is now proven to be the lie of the millennia and this is by their own admission . The MHRA have a lot to answer for as do Sage and Messrs Whitty , Vallance , Van Tam , Johnson , Zahawi and Hancock . There is evidence of direct communication via email exchange that some of the above knew about the dangers of the vaccines as far back as June 2021 but ignored the credible warnings . We are at a stage right now , today , where we have a duty to stop this harm and death and bring an end to this disgusting agenda that is NOT to protect Grandma or the NHS but something much more sinister . As members of Parliament , an eminent doctor , an expert from within the vaccine industry and a retired Police Constable we swore an oath to protect the public and to do no harm . There also needs to be more Ministers prepared to step forward and voice their concerns and join us en masse and take this directly to the police . There are many doctors and nurses who are ready to speak out , world renowned experts who are silenced by social media and news agencies , professors , virologists , immunologists , funeral directors , Dr Mike Yeadon himself a former VP at Pfizer for seventeen years who I know has already addressed his concerns in writing to Parliament back in 2020 , Dr Robert Malone inventor of the MRNA technology all standing up and shouting from the roof tops to stop this . The MHRA , IOPC , HMIC , UKHSA , NICE , Police Federation of England and Wales , Metropolitan Police Federation , Sadiq Khan ‚Äôs office , association of police and crime commissioners , Baroness Hallett chair of the independent public inquiry committee into COVID , lead barrister Hugo Keith and senior police across the U.K. have all been made aware by me and the replies from them all is .... ‚Äú If you are reporting crimes contact the police . ‚Äù We go to the police and they say . ‚Äú It ‚Äôs lawful , you need to speak to your MP . ‚Äù We can not continue going around in circles , as MP ‚Äôs you need to come together as a collective and with all of the aforementioned experts make criminal complaints to the police and they have to act . The police say they want MP ‚Äôs to come forward , well this is your chance . There are no more excuses and time is of the essence . ",CONSPIRACY,long,neutral,CRITICAL
3770,"We have been warning about ...   Vaccine mandates   Health passports   Perpetual lockdowns   Embedded journalism ... for more than two years , and we have been discredited as conspiracy theorists and pseudoscientists . All predictions became true . Now we are warning about ...   Digital IDs   CCP - style Social Credit System   CO2 passport / climate lockdowns   Food / Energy shortages   Abolition of cash   WHO pandemic treaty ... and we will still be called conspiracy theorists after those come true , too . @ robert33 | Minds | Bastyon | Gettr ",CONSPIRACY,average,neutral,CRITICAL
2737,BLEEDING FROM THE EYES AND NOSE IS CAUSED BY 5 G - THEY ARE OBVIOUSLY TURNING THIS UP AGAINST THE COVID 19 VACCINATED - BE THE RESISTANCE WWW . SAVEUSNOW . ORG . UK ,CONSPIRACY,short,high,CRITICAL
2332,NYC wants you to get vaccinated for ‚Äú Monkeypox ‚Äù as cases rise ‚Ä¶ Monkeypox is NOT easily spread or transmitted . [ They ] are playing on the fact the sheep will be ignorant to this despite its a Google search away ‚Ä¶ Death by ignorance . ,CONSPIRACY,average,neutral,CRITICAL
516,""" BREAKING : Pfizer Exploring "" "" Mutating "" "" COVID - 19 Virus For New Vaccines "" "" Do n't tell anyone this ... There is a risk ... have to be very controlled to make sure this virus you mutate does n't create something ... the way that the virus started in Wuhan , to be honest . "" "" # DirectedEvolution CLICK HERE TO TWEET # DirectedEvolution NOW : https :// ctt . ec / d3Lc2 "" ",CRITICAL,average,high,CONSPIRACY
1802,Fox News & Newsmax Took Biden Money To Push Deadly COVID Vaccines To Its Viewers LIVE NOW : https :// battleplan . news / channel / the - alex - jones - show   Read More : https :// www . infowars . com / posts / fox - news - newsmax - took - biden - money - to - push - deadly - covid - vaccines - to - its - viewers /   Subscribe For Breaking Alerts ! Text : ' NEWS ' To : ( 833 ) 637 - 17 ,CONSPIRACY,average,high,CRITICAL
521,""" "" "" JEWS ARE BEHIND THE PANDEMIC "" ""   Anti - vaxer hit the streets in Poland denouncing the jews and those who "" "" rule the world "" "" to be responsible for the covid - 19 pandemic .   "" "" We do n't want Jewry in Poland "" "" Is one of the tagline of the protesters .   They also denounce the sanitary segregation and the vaccination coercion .   Even famous influencers like the model Samuela G√≥rska gave her support to the right - wing party , assuming its anti - semitic and homophobic ideas .   Source : NFP ( MSM ) "" ",CONSPIRACY,average,neutral,CRITICAL
3737,""" Once you see these people as nothing more than sales reps it is easier to not answer the door or close it in their face : CDC Director Rochelle Walensky : "" "" My message right now is very simple : It is essential that these Americans ... get their second booster shot right away . "" "" You will always be "" "" under vaccinated "" "" . They are going to do away with the term "" "" fully vaccinated "" "" as they want mandatory annual jabs to wipe out the population . "" ",CONSPIRACY,average,low,CRITICAL
2640,"Pentagon Awarded Fact Checking Org . NewsGuard $ 750 K Contract Last Year To Downgrade Websites The Government Does Not Approve In yet more evidence of the federal government / Deep State ‚Äôs vested interest in advancing internet censorship ( or , as they call it , tackling ‚Äú misinformation ‚Äù ) , the Department of Defense awarded NewsGuard Technologies a $ 750,000 contract in September of 2021 for the organization ‚Äôs ‚Äú misinformation fingerprints ‚Äù project . This project is described as ‚Äú a catalogue of known hoaxes , falsehoods and misinformation narratives that are spreading online . ‚Äù ‚Äú We started the first phase of that work in 2020 , under the Trump Administration , working with the Pentagon and the Mike Pompeo - led State Department . This work is currently focused on Russian disinformation about its war in Ukraine . ‚Äù ARTICLE ",CRITICAL,long,neutral,CONSPIRACY
2121,Moderna CEO admits on live air at Davos they were making a COVID - 19 vaccine in January 2020 before SARS - CoV - 2 even had a name ,CONSPIRACY,short,high,CRITICAL
936,"FDA Authorizes First COVID - 1984 Breath Test Under Emergency Use Two weeks ago , ResApp , an Australian based company was touting the use of a new phone app that claims it can detect COVID - 1984 by the sound of a cough . Today , the FDA announces the authorization of a breathalyzer to see if you have COVID - 1984 ... ‚Äú Today ‚Äôs authorization is yet another example of the rapid innovation occurring with diagnostic tests for COVID - 19 , ‚Äù said Jeff Shuren , M.D. , J.D. , director of the FDA ‚Äôs Center for Devices and Radiological Health . ‚Äú The FDA continues to support the development of novel COVID - 19 tests with the goal of advancing technologies that can help address the current pandemic and better position the U.S. for the next public health emergency . ‚Äù They are outright telling you that none of their current tests work or have worked and yet they continue to create these ridiculous "" rapid innovations "" that are supposed to tell us we have a nonexistent virus ... What a joke ! SOURCE ",CONSPIRACY,long,neutral,CRITICAL
1252,Vaccinated Canadian sheeple will still need to take an expensive PCR molecular test in order to return to Canada from the United States after the land border reopens in November .   I just love reading angry comments of vaccinated sheeple on social networks in regards to why they still have to take a test after they surrendered all their rights and got a deadly mRNA poison . https :// www . cbc . ca / news / politics / molecular - tests - requirement - remain - border - open - 1 . 6214317 @ johnsonan ,CONSPIRACY,average,low,CRITICAL
2829,"If you thought Roe v Wade , or the NY concealed carry case was the MOST consequential that SCOTUS is going to rule on you are sorely mistaken ‚Ä¶ While both are LANDMARK ‚Ä¶ There are two more rulings that will literally determine whether or not we will remain a SAFE , and SOVEREIGN nation , protected from TOTAL NWO TYRANNY . West Virginia v EPA , and the case about Biden ‚Äôs remain in Mexico policy . Both are PARAMOUNT to where will stand as a nation moving forward for many decades . Pray HARD . ",CONSPIRACY,average,high,CRITICAL
3752,"The fight is far from over and good luck enforcing any of this outside of your leftist sheep strongholds of Vancouver and Victoria you weak and pathetic little WEF puppet . BC ‚Äôs Bill C - 36 lays the groundwork for forced vaccination for any illness the government chooses , and disciplinary measures for anyone who challenges prevailing public health narratives . Also , they can imprison a person 12 months if it is feared the person will commit hate speech in the future . @ elizabeth6 ",CRITICAL,average,low,CONSPIRACY
239,PREMIER LEAGUE FOOTBALLERS HAD FAKE VACCINE PASSPORTS - THE CULT ARE COMING BACK TO HAVE ANOTHER SHOT AT INTERNATIONAL TRAVEL AND PASSPORT ID TO FACILITATE THE DEPOPULATION AGENDA - BE THE RESISTANCE https :// www . reuters . com / lifestyle / sports / nba - is - sued - by - fired - referees - who - refused - covid - vaccines - 2022 - 11 - 14 / https :// www . reuters . com / lifestyle / sports / nba - is - sued - by - fired - referees - who - refused - covid - vaccines - 2022 - 11 - 14 / ,CONSPIRACY,average,high,CRITICAL
489,"The move to make COVID vax mandatory on your children ‚Äôs vax schedule is because that would shield Big Pharma from lawsuits related to it . Essentially , using your child as a ‚Äú Human shield . ‚Äù It will be up to individual states to choose to get on board . Right now , there are MANY states that will NOT allow this to go down . Especially Red states . So , you can either try to get a religious exemption , home school , or relocate to a state that wo n‚Äôt support forcefully injecting DEATH into your child . ",CONSPIRACY,average,neutral,CRITICAL
2441,"US Military personnel spotted in the South Korean mass death event , wtf are they doing there ? Probably Checking the aftermath of the HAARP activation # Truth Join us now Channel : @ wolfedeanna Chat : @ amanda10 ",CRITICAL,average,neutral,CONSPIRACY
784,"The UK government admits that vaccines have damaged the natural immune system of those who have been double - vaccinated . The UK government has admitted that once you have been double - vaccinated , you will never again be able to acquire full natural immunity to Covid variants - or possibly any other virus . So let 's watch the real "" pandemic begin now ! In its Week 42 "" COVID - 19 Vaccine Surveillance Report "" , the UK Department of Health admits on page 23 that "" N antibody levels appear to be lower in people who become infected after two doses of vaccination "" . It goes on to say that this drop in antibodies is essentially permanent . What does this mean ? We know that vaccines do not prevent infection or transmission of the virus ( indeed , the report elsewhere shows that vaccinated adults are now much more likely to be infected than unvaccinated ones ) . The British now find that the vaccine interferes with the body 's ability to make antibodies after infection not only against the spike protein but also against other parts of the virus . In particular , vaccinated people do not appear to form antibodies against the nucleocapsid protein , the envelope of the virus , which is a crucial part of the response in unvaccinated people . In the long term , the vaccinated are far more susceptible to any mutations in the spike protein , even if they have already been infected and cured once or more . The unvaccinated , on the other hand , will gain lasting , if not permanent , immunity to all strains of the alleged virus after being naturally infected with it even once . Source : https :// assets . publishing . service . gov . uk / government / uploads / system / uploads / attachment _ data / file/1027511 / Vaccine - surveillance - report - week - 42 . pdf The first insurance companies are backing down because a huge wave of claims is coming their way . Anthony Fauci confirms that the PCR test can not detect live viruses . Anthony Fauci confirms that neither the antigen test nor the PCR test can tell us whether someone is contagious or not ! ! ! This invalidates all the foundations of the so - called pandemic . The PCR test was the only indication of a pandemic . Without PCR - TEST no pandemic For all the press workers , doctors , lawyers , prosecutors etc . THIS is the final key , the ultimate proof that the measures must all be lifted immediately must be PLEASE SHARE "" Please copy and paste this in as many comments as you can do not try and post this on your main Facebook page as it will be taken down by Facebook let ‚Äôs spread the word "" assets . publishing . service . gov . uk https :// assets . publishing . service . gov . uk / government / uploads / system / uploads / attachment _ data / file / 1027511 / Vaccine - surveillance - report - week - 42 . pdf ",CONSPIRACY,long,low,CRITICAL
2889,"In May , FBI whistleblowers revealed to House Republicans that the agency had created "" threat tags "" on FBI investigations into parents and local GOP officials "" in almost every region of the country "" who publicly opposed school vaccine and mask mandates . Well - versed in the FBI 's information suppression tactics , Judicial Watch filed a Freedom of Information Act lawsuit for all FBI records related to the Garland witch - hunt memo , which the attorney general himself testified he crafted after the Biden simps in charge of the National School Board Association released a letter labeling conservative parents as "" domestic terrorists . "" Garland testified that he based his memorandum off of a since - retracted letter from the National School Board Association that labeled parents as "" domestic terrorists . "" The National School Boards Association later issued an apology for the letter . No apology has been forthcoming from the DOJ , which refuses to cough up the FBI records sought by Judicial Watch . Judicial Watch attorney Ramona Cotca told me on Tuesday that "" the FBI conducted a very narrow search , and it is no surprise that the search did not produce any responsive records . We notified DOJ that Judicial Watch challenges the search and we are waiting to hear if it will undertake a reasonable search or whether we will move to briefing . Our next court filing is due Aug. 26 . "" Cover - ups are embedded in the FBI 's DNA , of course . Delve into the FBI 's murderous history of the Waco massacre , its destruction of evidence in the Ruby Ridge case , its wanton abuses and "" flagrant misconduct "" ( in the words of federal judge Gloria Navarro ) in the Bundy Ranch standoff , and its ongoing attempts to suppress the truth about the Oklahoma City bombing and stymie Utah attorney Jesse Trentadue 's FOIA lawsuit against both the FBI and CIA dating back to 2006 . Instigation is another trademark FBI goon - squad tactic . It was at the heart of the Patriot Conspiracy ( PATCON ) scheme at the center of Trentadue 's Oklahoma City bombing FOIA lawsuit . Fed infiltration and incitement also marked the Counter Intelligence Program ( COINTELPRO ) of the 1960s and 1970s ; multiple Islamic terror plots in the late 1990s and through the 2000s ; the manufacturing of the politically timed "" right - wing "" plot by "" rogue , "" career - driven FBI agents to kidnap Democrat Michigan Gov. Gretchen Whitmer ( which led to two acquittals and two mistrials ) just one month before the 2020 presidential election ; and yes , the FBI - Dem - Biden - weaponized Jan. 6 "" insurrection . "" If you ai n't questioning the timing , you ai n't paying attention to the real enemies within . https :// vdare . com / articles / michelle - malkin - fbi - feds - behaving - incorrigibly ",CONSPIRACY,long,neutral,CRITICAL
3319,# AlexJonesShow LIVE : # CovidVaccines Contains Substance Medical Documents Say Not To Be Used On Humans ! Watch & Share This Banned Broadcast : https :// freeworldnews . tv / channel / the - alex - jones - show   CALL NOW : ( 877 ) 789 - 4475   Subscribe To Live Broadcast Alerts ! - Text : ' SHOW ' To : ( 833 ) 470 - 0222   Ionic Fizzy Magnesium Drink Mix : https :// www . infowarsstore . com / fizzy - magnesium ,CRITICAL,average,high,CONSPIRACY
2499,"On war tactics When populations get decimated during war , and there are more women than men , men take more than one woman and get them all pregnant . A population recovery will take place very fast . Population recovery is effectively prevented however , if the women are the target , not the men . This would also lead to terrible tensions among the male population due to reproduction pressure . A population bottleneck due to few woman is a situation we have to prevent at all cost ! European women : stay away from any gene - altering vaccines ! You are the target ! @ davidjohnson ",CONSPIRACY,long,low,CRITICAL
247,Over 25 countries have less than 15 % of their population vaccinated . Where are the millions of dead people ? Burundi : population 11 million Vaccination rate : 0.1 % Congo : population 89 million Vaccination rate : 0.3 % Haiti : Population 11 million Vaccination rate : 0.9 % Chad : Population 16 million Vaccination rate : 0.9 % Yemen : population 29 million Vaccination rate : 1.3 % Ethiopia : Population 115 million Vaccination rate : 1.6 % South Sudan : Population 11 million Vaccination rate : 2.5 % Cameroon : population 26 million : Vaccination rate : 2.6 % Papua New Guinea : Population 9 million Vaccination rate : 2.7 % Nigeria : Population 206 million Vaccination rate : 2.7 % Madagascar : Population 26 million . Vaccination rate : 3.4 % Tanzania : Population 59 million . Vaccination rate : 3 % Mali : population : 20 million Vaccination rate : 3.6 % Burkina Faso : population 20 million Vaccination rate : 3.8 % Malawi : population 19 million Vaccination rate : 4.2 % Niger : population 24 million Vaccination rate : 4.4 % Sudan : Population 43 million Vaccination rate : 4.6 % Uganda : population 45 million Vaccination rate : 5 % Senegal : population 16 million Vaccination rate : 6.2 % Algeria : Population 43 million Vaccination rate : 14 % Kenya : Population 53 million Vaccination rate : 14 % Zambia : Population 18 million Vaccination rate : 10 % These countries have a combined population of over 900 million people and over 90 % of them are unvaccinated . Where are the mass graves ? Most of them did n't even lockdown or have social distancing or mask mandates . The vaccines have nothing to do with Covid or any virus . It is a bio - weapon . ¬ª ¬ª ¬ª Papua New Guinea : Population 9 million Vaccination rate : 2.7 % Obesity rate is 30 % which is higher than Canada and Europe . https :// www . nytimes . com / interactive / 2021 / world / covid - vaccinations - tracker . html ,CONSPIRACY,long,low,CRITICAL
3274,"How would you feel if a politician took your hard - earned money by taxation , and then used it to pay for ‚Ä¶ advertisements promoting a drug that ‚Äôs failing both safety and efficacy expectations ? Biden does n‚Äôt care how you feel about it ‚Äî he ‚Äôs decided you need to foot the bill for Big Pharma . ùêÖùêëùêéùêçùêìùêãùêàùêçùêÑùêÖùêãùêÄùêíùêá > > T . me / FrontlineFlash ",CRITICAL,average,neutral,CONSPIRACY
298,"AUSTRALIA - Aussie Police Using LRAD Sonic Weapons and EMF weapons on Protestors Causing Permanent Nerve Damage . They used these weapons on the Truckers and Canada plans to do the same thing now ! Let the world know . We want peace we want a normal life , we want family and we do n't want these weapons . EMF and 5 G protection at this link : https :// dq271 . isrefer . com / go / AultHome / AUL1691 / read all the info necesarry and see what works for you - THOUGHTS ?   SHARE ! ! https :// t . me / QNewsOfficialTV ",CRITICAL,average,high,CONSPIRACY
58,"In 2014 , the # GatesFoundation funded tests of experimental HPV vaccines , developed by GSK and Merck , on 23,000 young girls in remote Indian provinces . Approximately 1,200 suffered severe side effects , including autoimmune and fertility disorders . Seven died . Indian government investigations charged that Gates funded researchers committed pervasive ethical violations : pressuring vulnerable village girls into the trial , bullying parents , forging consent forms , and refusing medical care to the injured girls . The case is now in the country ‚Äôs Supreme Court . In 2010 , Gates committed $ 10 billion to the WHO promising to reduce population , in part , through new vaccines . A month later Gates told a Ted Talk that new vaccines ‚Äú could reduce population ‚Äù . In 2014 , Kenya ‚Äôs Catholic Doctors Association accused the WHO of chemically sterilizing millions of unwilling Kenyan women with a phony ‚Äú tetanus ‚Äù vaccine campaign . ",CONSPIRACY,long,low,CRITICAL
1373,"We all need to do what we can to # StoptheWHO . Do n't underestimate the power of your influence . The World Health Organisation has blood on its hands . Utterly compromised by private interests , it is directly implicated in the greatest crime against humanity this world has ever seen . At best , you could describe it as parlous mismanagement of a global pandemic , but I would argue that continually promoting experimental gene therapies even as the adverse events racked up on its own reporting system goes rather beyond mismanagement . As mass panic about Covid - 19 spread , the WHO could have been a voice of reason . It could have acted as an impartial public health advisory , evaluating the evidence , recommending early treatments , and giving people at the very least an informed choice on whether to have these new vaccines or not . Its remit is ‚Äò to promote health , keep the world safe , and serve the vulnerable ‚Äô . It has failed . In a sane world , this failure would be enough to require an international investigation of the WHO and an accounting of its Covid - 19 recommendations . But we all know that sanity , at least in the corridors of so - called power , has long departed . Instead , the WHO seems to believe it has not done enough , has not wielded enough influence . As I ‚Äôve mentioned previously , it now wants the power to not only call a pandemic , but to call a ‚Äò potential or actual health emergency ‚Äô , and then to override the constitutions of sovereign nations to force its disastrous public health policies on millions of men , women and children . Friends , we must do what we can to stop this . Some of you have commented that you feel powerless in the face of so much power . I understand , but I am here to tell you that we are never powerless . The last two years have shown me more than ever how the impact of our actions always ripples out , far beyond the field of our own vision . Have faith in your own influence . You may never know what impact that conversation you had with a friend really had , or the poster you shared on your social media page . None of us ever really knows , but we take action anyway because we feel in our bones it ‚Äôs the right thing to do . Our individual actions and intent for a better world pooled together make us together very powerful . Right now we are getting ready for a conference where some of the most expert and brilliant people from around the world are gathering to co - create a better way forward for humanity and our beautiful planet . One of the panel conversations focuses on the question , ‚Äò How can the law serve human rights ? ‚Äô . Reiner Fuellmich , Dr Astrid Stuckelberger , Professor Dolores Cahill , and several other eminent lawyers and human rights advocates will be addressing these IHR amendments directly . You are of course warmly welcome to join us for this conversation , whether in person or online . I recommend you invite your friends around and make a party of it ! By the end of the conference , we will have what we need to draw up a charter of our own , by the people and for the people . I ca n‚Äôt wait to share it . In the meantime , let ‚Äôs do what we can to raise awareness ; let ‚Äôs do what we can to # StoptheWHO . Learn more : ‚û® drtesslawrie . substack . com / p / dont - underestimate - the - power - of - your   Follow Me : ‚û® @ audreywest ",CONSPIRACY,long,low,CRITICAL
3486,"Nigeria : 200 million people on a continent with land borders with multiple dirt poor & filthy nations & 2 % vaccine rate - 2991 official Covid deaths . Ireland : 5 million people on an isolated island with some of the cleanest living conditions & fresh water & food on the planet + a 95 % vaccine rate - 5890 official Covid deaths . And China where the virus began , a population of 1.5 BILLION , is just laughable . Anyone still believing the official narrative is beyond help at this stage . If this Plandemic has proved anything it ‚Äôs that the NPC meme is very real . ",CONSPIRACY,long,low,CRITICAL
3994,"Even the FDA Vaccine chief sees the writing on the wall , and is now backtracking on the COVID death jab . CRIMES . AGAINST . HUMANITY . NUREMBERG 2.0 . IT . IS . COMING . https :// www . theepochtimes . com / fda - vaccine - chief - suggests - its - time - to - move - on - from - mrna - covid - vaccines _ 4819777 . html ",CONSPIRACY,average,high,CRITICAL
2550,Dr. Robert Malone : There ‚Äôs an obvious attempt to hide the truth about the COVID - 19 pandemic https :// www . naturalnews . com / 2021 - 12 - 21 - obvious - attempt - to - hide - truth - about - pandemic . html ,CONSPIRACY,average,neutral,CRITICAL
3972,"Trump is not above criticisms . But just because someone does n‚Äôt do something you like does n‚Äôt mean you totally abandon them . You help them become better . Look , I do n‚Äôt like that Trump never addressed big tech . I do n‚Äôt like that he promoted vaccines ( he never mandated though ) , I do n‚Äôt like that he propped up a bunch of Ted Cruz loyalists instead of Trump loyalists who all got rich off of his support and then they stabbed him in the back . I do n‚Äôt like that he did n‚Äôt tell Kevin McCarthy to F off when he told him not to endorse me in 2022 and gave him fake polling numbers . And at the same time , I ‚Äôm not going to abandon Trump . I love Trump and his America First values , and I love how much he scares the establishment and globalists . I ‚Äôm going to do everything I can to help him win again . ",CRITICAL,long,low,CONSPIRACY
678,Kanye says that the Clintons attempted to manipulate him into pushing the vaccine through his ex wife . He says that Trump is the sh * * . ,CRITICAL,short,low,CONSPIRACY
2003,The # AlexJonesShow LIVE ! Biden Pledges to Destroy America ‚Äôs ‚Äú Racist ‚Äù Highways While China Unveils Plan to Administer Global # VaccinePassports : https :// www . banthis . tv / channel / the - alex - jones - show   CALL NOW : ( 877 ) 789 - 4475   Sign Up For Live Broadcast Alerts ! - Text : ' SHOW ' To : ( 833 ) 470 - 0222   FK License Plate T - Shirt : https :// www . infowarsstore . com / gear / apparel / fk - license - plate - shirt ,CRITICAL,average,high,CONSPIRACY
1303,This awesome trend of liberation from big pharma ‚Äôs maiming childhood quackccine schedule has the DC parasite class and ‚Äú eyes wide shut ‚Äù crowd freaking out . ,CRITICAL,short,low,CONSPIRACY
554,"Aluminum adjuvant is one of the causes of Alzheimer ‚Äôs disease . And it 's in all vaccines , including the Covid ones and the boosters . Study : https :// www . tandfonline . com / doi / abs / 10 . 1080 / 15376516 . 2022 . 2058898 ? journalCode = itxm20 "" This study provides a mechanistic understanding of chronic aluminum - induced neuronal toxicity in the brain with relevance to Alzheimer ‚Äôs disease . "" Join us at : t . me / AgentsOfTruth t . me / AgentsOfTruthChat ",CRITICAL,average,low,CONSPIRACY
1323,THE VACCINATED GOT CONNED AND NOW THEIR DEATHS AND INJURIES INCREASE - WHEN ARE THEY GOING TO WAKE UP OR ARE THEY JUST GOING TO DIE - INFO @ SAVEUSNOW . ORG . UK ,CONSPIRACY,short,high,CRITICAL
2105,"The hoax must go on so they can keep making billions while depopulating , turning human DNA into an absolute mess and also create their new non - human slave race servants Moderna Claim Updated Booster Has Greater Omicron Antibody Response Moderna CEO Stephane Bancel says his company ‚Äôs updated Covid booster vaccine is showing a stronger antibody response to Omicron , and may be available by late summer . The updated booster contains the original vaccine and a candidate that specifically targets the Omicron variant . Side effects are apparently similar to the original . The FDA ‚Äôs vaccine advisers will decide on June 28 whether vaccine compositions should be modified . Join us at : t . me / AgentsOfTruth t . me / AgentsOfTruthChat ",CONSPIRACY,long,neutral,CRITICAL
3220,The # AlexJonesShow LIVE : Red Alert Emergency Broadcast ! Top Scientists Around The World Confirm Covid - 19 Vaccines Are Sophisticated Bioweapons   Watch & Share : https :// freeworldnews . tv / channel / the - alex - jones - show   Call - In Line : ( 877 ) 789 - 4475 | Listen Line : 605 - 562 - 6325   Sign Up For Live Broadcast Alerts ! - Text : ' SHOW ' To : ( 833 ) 637 - 4788   Limited Supply Flash Sale : https :// ifw . io / cd2197 ,CONSPIRACY,average,high,CRITICAL
2469,""" The COVID vaccines are ineffective because they are just replicating the original "" "" virus "" "" that Fauci created . A replication of a synthetic chimeric vaccine attached to the original sars . There is no difference between COVID and the vaccinations . Catching COVID naturally is safer than receiving the vaccine , because the vaccine is injected directly into your veins whereas aerosolized COVID can be blocked by your nose . ‚Äî ronaldwatkins . com "" ",CONSPIRACY,average,neutral,CRITICAL
1023,KEEP SHARING THE INFORMATION - WAKING UP THE VACCINATED - WE NEED TO SAVE AS MANY OF THEM AS WE CAN - WWW . SAVEUSNOW . ORG . UK ,CONSPIRACY,short,high,CRITICAL
1804,"You know , back when states and organizations started ending the mandates , I warned about ceding sovereignty ... the WHO is holding a summit on May 12th ... AND the topic is about increasing the vaccination rate . Within an hour of announcing the summit and in support of a new round of ever increasing pressure on the world 's population to get vaccinated , we have been innundated with covid stories . Are we so caught up in their BS that we can no longer see their incredibly transparent agenda ? I hope not , or we 're closer to global enslavement than we think . ",CONSPIRACY,long,low,CRITICAL
3508,""" https :// www . bitchute . com / video / SJM1ctnpXKov / COVID Vaccine : Excess Deaths & Adverse Reactions Should Be Biggest Story In UK - Media Silent Neil Oliver on GB News reports . "" "" If our MPs do n‚Äôt care enough about harm to the population ... it ‚Äôs time we reminded the whole damned lot of them we are still here ... They ( politicians & media ) may keep their hands over their eyes but we can see them & the silence is DEAFENING . "" "" # COVIDVaccine # ClotShot # GenocideAgenda # BeTheResistance "" ",CONSPIRACY,average,high,CRITICAL
2533,"I 'm just finding out now that the US Military Bio - labs that Putin ' Bunker Bustered ' in Ukraine were being run by none other than the CIA front company ' EcoHealth Aliiance ' . YEP ! .. the same company who did ' function gain ' modifications on the Coronavirus for FAUCI ( NIAIDS ) & COLLINS ( NIH ) in WUHAN ! ! ! ! AND , whose CEO is none other than Peter Daszak - the same guy who just admitted he 's a CIA operative to one of his employees , who just went public two weeks ago as a Whistleblower for EcoHealth - Alliance ! That explains a lot of reactions we are seeing from the west . Their pissed , because Putin just ' blew ' any chance of them fielding another pandemic on us - a final nail in the coffin of the cabal . https :// uncoverdc . com / 2022 / 02 / 09 / ecohealth - alliance - whistleblower - exposes - corruption / ",CONSPIRACY,long,neutral,CRITICAL
2178,Rand Paul ' Stars ' in Chinese Rap Video Accusing U.S. of Starting Coronavirus Pandemic ,CONSPIRACY,short,high,CRITICAL
3875,Think of what kind of psychotic maniac you have to be to go on TV like this when you know about the 9 - pages of quackccine side effects that have maimed and killed tens of thousands of people . Think of how treasonous CNN is for continuing with this charade . The decades of this serial killer ‚Äôs reign as gatekeeper for big Pharma must end with a Trial for Crimes Against Humanity with the penalty of a guilty verdict being public death by hanging or firing squad . ( 1 min ) ,CONSPIRACY,average,low,CRITICAL
705,"Central banks are hiding the truth about what is driving inflation and how bad it is going to get . They want you to believe that what is happening is a result of government stimulus in response to the pandemic . Total nonsense . Look up quantitative easing . Look up the Fed balance sheet . That 8.9 trillion dollars worth of assets that they purchased to prop up the economy in the years following the 2008 crisis dwarfs the stimulus . Every dollar that sits on central bank balance sheets is money that was created out of thin air and injected into the system . This is what created the inflation we are seeing now . Raising interest rates ca n't bring it down . That would only work if the inflation was caused by excessive lending , but it was n't , and they know that it was n't . The only way to prevent Venezuela style hyperinflation at this point would be to remove 8.9 trillion dollars from the U.S. economy and approximately the same amount from the EU economy . This would obviously have catastrophic consequences and draw attention to their insane monetary experiment , so instead they are playing dumb . They acknowledge that raising interest rates will likely cause a deep recession , but what no one seems to be talking about is what happens to interest payments on government debt as these rates climb . With the U.S. national debt sitting at 30 trillion , the prospect of a full fledged default is n't just likely , it 's inevitable . When the U.S. government defaults , the global financial system will grind to a halt ( as will international supply chains ) . Most people ca n't even imagine the implications . This can not be fixed . That 's why they cooked up the "" Great Reset "" . Do n't let them get away with it . @ kaufm Discussion : @ patric ",CRITICAL,long,low,CONSPIRACY
1061,"' My son died after getting the vaccine , but still get your kids vaccinated . ''101 ‚Äî Convince your Local Liberal Psychotic to Sterilise and / or Euthanise their Family and its Bloodline today . ‚Äî Mutually & Pan _ Laterally Signed : t . me / therealityreport Administrator Core ",CONSPIRACY,average,neutral,CRITICAL
3057,"I like the freedom & radicalism of Telegram , but I am amazed by the ideological & moral incoherence of some folk here . So here 's some basics : # TommyRobinson is not a # nationalist . He 's personally brave & anti - Islam , but he 's a liberal Zionist , pro - LGBTQ & pro - multicult and backed by a succession of North American Jewish businessmen whose interest is Greater Israel rather than Great Britain . # HongKong was ripped from China by force when Western elite navies forced the Chinese ( see pic ) to allow a flood of opium that killed millions but made a fortune for the Anglo - Jewish banking elite , especially the HSBC . If the Chinese want to take it back & stop it being used as a springboard for Washington Deep State coloured # globalhomo revolution , that 's their business & not ours . Britons should fight for Britain only . And bankers & other big capitalists are the root of the problem and not part of the solution . # nationalismfordummies ",CONSPIRACY,long,low,CRITICAL
1566,TexasVet 's Pro - White Podcast Episode 45 - Bubba Kate Bubba Kate from England is taking on the anti - White agenda behemoth where it really counts . In the courts ! t . me / fourteenwords ,CONSPIRACY,average,neutral,CRITICAL
2308,"President Trump ‚Äôs attorney just announced on Truth Social that they ‚Äôve filed an ‚Äú Amended Complaint ‚Äù to 45 ‚Äôs civil lawsuit against the deep state , which incorporates ‚Äú all of the damning information that was uncovered throughout the course of the Sussmann trial . ‚Äù BOOM Looks like Adam Schiff has been added to the lawsuit ",CONSPIRACY,average,low,CRITICAL
1517,"The World Health Organization has changed the definition of ‚Äú herd immunity , ‚Äù eliminating the pre - COVID consensus that it could be achieved by allowing a virus to spread through a population , and insisting that herd immunity comes solely from vaccines . https :// summit . news / 2020 / 12 / 23 / who - changes - definition - of - herd - immunity - to - eliminate - pre - covid - consensus / ",CRITICAL,average,low,CONSPIRACY
3470,"MUST READ !   Biden is SELLING OUT the US to a worldwide MEDICAL POLICE STATE system at the FULL mercy of the WHO & Chinese Communist Party . And yes , there is a plan for a mandatory , universal digital passport & ID system . THIS IS REALLY BAD . WE MUST RESIST THIS . https :// www . thegatewaypundit . com / 2023 / 02 / end - of - american - sovereignty - biden - regime - negotiates - legally - binding - deal - to - give - chinese - backed - world - health - organization - full - authority - over - us - pandemic - policies - no - senate - approval - needed / ",CONSPIRACY,long,high,CRITICAL
934,"Deep state called out . The entire Dutch government left the chamber and halted debate when MP Thierry Baudet mentioned that the Finance Minister studied at a ' spy college ' in Oxford . Their over - reaction speaks volumes . ' The lady doth protest too much , methinks . ' Watch the bizarre moment when the government walks out as Thierry Baudet is speaking . Apparently his speech hit a nerve . ( English Subs ) Twitter source - https :// twitter . com / FVD _ Intl / status / 1572855465272279042 ? s = 20 ",CONSPIRACY,average,neutral,CRITICAL
3313,"Denmark ‚Äôs Director of the National Board of Health , S√∏ren Brostr√∏m : ‚Äò ‚Äô IT WAS A MISTAKE TO VACCINATE CHILDREN ‚Äô‚Äô From mid - July last year , 12 - 15 - year - old children in Denmark were injected with COVID experimental vaccines . In November , the 5 - 11 - year - olds were also recommended to be lined up and injected . But now the director of the National Board of Health , S√∏ren Brostr√∏m , has admitted it WAS A MISTAKE TO VACCINATE CHILDREN . ‚Äò ‚Äô Mistake ‚Äô‚Äô - What BS . The injection of children with experimental agents was not a ‚Äò ‚Äô mistake ‚Äô‚Äô - it was an abandonment of centuries of learning ‚Äù the precautionary principle ‚Äô‚Äô and a crime against humanity - pushed by a insane cult and the criminal COVID cartel . The health and fertility issues these children will face breaks my heart .   https :// t . me / LauraAbolichannel ",CONSPIRACY,long,high,CRITICAL
3432,"~ The Kingdom of Canada ~ I AM Queen Romana of the Kingdom of Canada , this Order is for our Duck Hunters , RCMP , Police , Military and Special Ops , and Camouflaged Duck Hunters . 1 ) Search , confiscate , and destroy safely any and all Coronovirus19 vaccines / bioweapon from : Clinics , ( private or public ) , all Pharmacies , Hospitals , Government Facilities , etc , etc . 2 ) Arrest Pharmacists , Hospital Staff , Clinic Staff , School Staff , Doctors Nurses Politicians Bureaucrats Medical Health Officers Judges Lawyers Religious Leaders Social Workers Indigenous Chiefs who have allowed the injections of coronavirus into the indigenous children . Journalists Arrest any Police / RCMP / Military / Sheriffs , and everyone and anyone assisting in the injecting of coronavirus bioweapon into Canadian Children , under the age of 19 years old , men , and women of all ages . The Kingdom of Canada is a # VaccineFreeNation This order is effective immediately .   Q   Q   Q   Peace and Prosperity . Or perish . I do n't play Politics . HRH Majesty Queen Romana Didulo , Head of State and Commander - in - Chief , Head of Government of Canada , President and Queen of Canada # WWG1WGA      https :// t . me / romanadidulo ",CONSPIRACY,long,neutral,CRITICAL
22,""" Federal Health Minister Karl Lauterbach reveals a new update for the ' Corona warning app ' . Different colors give different rights in the future . This system already exists in China . ' Lauterbach sticks to his plan , defends the new Infection Protection Act and affirms : ‚Äú If vaccines that protect against infection are available in the fall , they should also be beneficial for those who have been vaccinated . You can not do without a mask in the interior in the fall . An exception would be justifiable for those who have just been vaccinated . ‚Äù However , if too many people make use of this exception , "" "" we would change the rule and close the exception , "" "" Lauterbach announced . A "" "" general mask requirement in the interior or test would then be a consequence "" "" The Minister of Health had previously said about the mask exemption for newly vaccinated people : "" "" That will certainly be an incentive for one or the other to think about whether they would like to be vaccinated . "" "" China was ALWAYS the model for the NWO . ARTICLE "" ",CONSPIRACY,long,low,CRITICAL
442,"We have to stop pretending like people who prove themselves to be disloyal and principally compromised are somehow our Allies when they are just out for themselves . MTG is no longer an ally to America First . She may have claimed to be so that she could climb the political ladder , but she has shown she is all talk and zero action , unless of course the action is selling t shirts and wine glasses . This is a woman who claims to be anti vaccine and yet she ‚Äôs invested in 3 of the major vaccine producers . This is a woman who said she is against money being sent to Ukraine and then she invested in defense stocks immediately after her defense briefing . This is a woman who campaigned against the establishment and now she ‚Äôs advocating for them to be Speaker in exchange for benefits to herself . She claims to be against corruption , but she ‚Äôs one of the most prolific stock traders in congress . And it ‚Äôs interesting how her investments always seem to follow congressional briefings . I.e the vaccines , and the war in Ukraine . This is a woman who said she would help J6 prisoners , but all she did was take a selfie outside of the DC jail and fundraise off of it for herself . This is a woman who claims to have a PAC that supports America First candidates but now she ‚Äôs supporting McCarthy for Speaker even after it was revealed that he used FTX money to launch attacks against the same America First candidates she once claimed to support . This is a woman who pretended to not know what AFPAC was , used AFPAC to get publicity , and then basically disavowed AFPAC and Nick Fuentes by saying ‚Äú she does n‚Äôt know who he is ‚Äù . Why would you say you do n‚Äôt know who someone is after using them to get publicity ? Now she wants to support McCarthy for Speaker after he called all AFPAC attendees ‚Äú white supremacists who have no place in the Republican Party . ‚Äù A lot of people will learn the hard way through disappointment if they keep justifying her betrayal and her opportunism for their misguided hopes that she will someday be an ally . MTG will use anyone to get power and she has shown that she does n‚Äôt even believe in the things she says . It ‚Äôs why I was once her biggest supporter , and now I am no longer a supporter . https :// www . businessinsider . com / marjorie - taylor - greene - boasts - unvaccinated - owns - pfizer - jj - astrazeneca - stock - 2021 - 12 ? amp ",CRITICAL,long,low,CONSPIRACY
3459,"CEO of Blackrock , Larry Fink ca n‚Äôt seem to keep his story straight ‚Ä¶ So , first it was ‚Ä¶ ‚ÄúUkraine / Russia war put an end to globalization . ‚Äù Now , it‚Äôs ‚Ä¶ ‚ÄúUkraine / Russia war to trigger New World Order . ‚Äù WTF is going on ? ? ? https :// insiderpaper . com / russia - ukraine - war - to - trigger - new - world - order - blackrock - ceo / ",CRITICAL,average,neutral,CONSPIRACY
1967,"Did you catch that ? ? ? ‚Äú COVID has been one of the MOST profitable products ever . ‚Äù says the Executive Director of Oxfam International at WEF Davos ‚Ä¶ COVID is the PRODUCT , and YOU are the consumer . That is how these Big Pharma psychopaths think . # ThesePeopleAreSick ",CRITICAL,average,high,CONSPIRACY
645,""" WICKED / EVIL SVAR WEAPONISED T - CELL EXOSOME COVID - 19 BIOWARFARE 2022 Possibility of exosome - based coronavirus disease 2019 vaccine https :// www . ncbi . nlm . nih . gov / pmc / articles / PMC8630821 / "" "" Coronavirus disease 2019 ( COVID - 19 ) is a global pandemic that can have a long - lasting impact on public health if not properly managed . Ongoing vaccine development trials involve classical molecular strategies based on inactivated or attenuated viruses , single peptides or viral vectors . However , there are multiple issues , such as the risk of reversion to virulence , inability to provide long - lasting protection and limited protective immunity . To overcome the aforementioned drawbacks of currently available COVID - 19 vaccines , an alternative strategy is required to produce safe and efficacious vaccines that impart long - term immunity . Exosomes ( key intercellular communicators characterized by low immunogenicity , high biocompatibility and innate cargo - loading capacity ) offer a novel approach for effective COVID - 19 vaccine development . An engineered exosome - based vaccine displaying the four primary structural proteins of SARS - CoV - 2 ( spike , membrane , nucleocapside and envelope proteins ) induces humoral and cell mediated immunity and triggers long - lasting immunity . The present review investigated the prospective use of exosomes in the development of COVID - 19 vaccines ; moreover , exosome - based vaccines may be key to control the COVID - 19 pandemic by providing enhanced protection compared with existing vaccines . Keywords : coronavirus disease 2019 , exosome , vaccine , severe acute respiratory syndrome coronavirus 2 , pandemic "" "" One of the main things felt when one is exposed to WICKED / EVIL SVAR WEAPONISED T - CELL EXOSOME COVID - 19 BIOWARFARE is a brutal drop in blood pressure / hypotension , which is similar to what the so - called "" "" HIV + "" "" experience with the "" "" seroconversion "" "" / "" "" viral load "" "" deception . For this reason , throughout the biowarfare illness one can experience a constant 36¬∫C / 96 . 8F fever , making one feel extremely weak / ill ‚Äì followed by the most intense onset of vomiting , and even dry heaving , not to mention difficulty feeling sufficiently ... so hot showers oblige , at least for the first 4 days . I almost slept in my shower / sauna cabin with the hot running water and high - intensity jet shower in "" "" ultrasound "" "" mode , massaging my internal organs with "" "" thalassotherapy "" "" [ water therapy ] . t - cell exosome hsp70 induced "" "" hypotension "" "" https :// duckduckgo . com / ? q = t - cell + exosome + hsp70 + induced +% 22hypotension % 22 & ia = web THERE IS VERY LITTLE CHANCE THAT THE ELDERLY OR INFIRM WILL SURVIVE THE ABOVE . DAY 6 Note : Diluted refers to using only distilled water , not mineral , and definitely not extremely - polluted tap water . Surreptitious COVID - 19 [ thus vaccine - related adjuvants in boosters ] cytotoxic elements still causing inflammation ... however on the same level as yesterday Circulatory system and heart : slight heart muscle soft tissue inflammation still present and inadvertent pounding palpitations then back to normal ... unnatural and indicative of biowarfare . Oscilating temperature / slight fever 37 - 38 . 2C / 98.6 - 100 . 8F , to be expected by cytotoxic biowarfare . Closest explanation to overall feeling : slight to severe "" "" Syncope "" "" https :// en . wikipedia . org / wiki / Syncope _ ( medicine ) Respiratory system : upon awakening today the lungs were completely congested / overtaken by a white , egg - whipped - type , light , foamy fluid , with no signs of discolouration nor heavy mucous , which was fairly easy to expel . Slightly difficult to breath prior to hot shower [ substitute "" "" cataplasm "" "" or "" "" poultice "" "" ] https :// en . wikipedia . org / wiki / Poultice Diluted , however much stronger , CDS / ClO2 solution used with ventilator . Further expelled SARS - CoV - 2 biowarfare foamy liquid . Hot , organic lemon and honey tea . No hunger . Kidneys : uncomfortable but less affected , urine colour now close to normal . "" ",CONSPIRACY,long,neutral,CRITICAL
2789,"Predators never prey on the strong . They go after the very old , the very young , the sick , and the weak . Reminds me of the target markets for vaccination programs ! ",CONSPIRACY,short,low,CRITICAL
561,"During the peak panic of the pandemic , the nation was terrified , the government was lying , and the media was spreading those lies exactly as ordered . We have been positioned for such a time as this , and we can never let what happened happen again . ",CRITICAL,average,low,CONSPIRACY
2646,"DEPOPULATION . WHO IS DOING IT ? Nurses .   In the five countries with the highest COVID jab uptake , fertility has dropped by an average of 15.2 % , whereas the five countries with the lowest COVID jab uptake have seen an average reduction of just 4 . 66 % . https :// articles . mercola . com / sites / articles / archive / 2022 / 07 / 25 / covid - vaccine - fertility - issues . aspx ? ui = ba70d775f4462ba483fdabe09000dcb7f8c13c7f5fa327188e89ef84ffc16a99 & sd = 20220531 & cid _ source = dnl & cid _ medium = email & cid _ content = art1HL & cid = 20220725 & mid = DM1222318 & rid = 1557877328 ",CONSPIRACY,long,neutral,CRITICAL
2513,"Minority Report in Real Life A group of social scientists at the University of Chicago claim to have invented a computer algorithm that can predict future crimes up to one week in advance with 90 % accuracy . ' Crime prediction has long been controversial , but University of Chicago researchers argue their new model could be used to monitor the police themselves . They tested the model ‚Äôs accuracy in eight major U.S. cities , each of which the team broke into small sizes of about two blocks square . ' [ Chicago ; Atlanta ; Austin ; Detroit ; Los Angeles ; Philadelphia ; Portland , Oregon ; and San Francisco ] And around the world ‚Ä¢ AI vision predicts crime in Israeli city by spotting suspicious behaviour . ‚Ä¢ China is using AI to predict who will commit crime next ' Fun ' Fact : University of Chicago was founded by John D. Rockefeller , you know the same guy who created Big Pharma , yup that guy . ARTICLE ",CONSPIRACY,long,neutral,CRITICAL
2881,"Zelensky has just signed into law the first steps of Schwab ‚Äôs Great Reset . He announced he is introducing a Social Credit Application combining Universal Basic Income ( UBI ) , a Digital Identity & a Vaccine Passport all within their Diia app . He also says that because so much money is coming into Ukraine as he has become an international celebrity , he has legalized cryptocurrencies in Ukraine . He will allow foreign and Ukrainian cryptocurrencies exchanges to operate legally , according to the country ‚Äôs Ministry of Digital Transformation . https :// www . armstrongeconomics . com / world - news / war / ukraine - adopts - wef - proposals / Reminder All the Internationalist Paedophiles ; Every last one of them , are Pro - Ukraine / Maintaining the Zelensky Regime that overthrew with an Obama Colour Revolution the Duly Elected [ Nationalist ] Government of Ukraine in 2014 . Summary Briefing on Ukraine / Russia Signals in the Noise for the Britannic Rightwing Intelligencia Read me & Parts 1 - 75 ¬ª t . me / RussiaUkraineWarArchive ¬ª t . me / therealityreport ",CONSPIRACY,long,neutral,CRITICAL
38,# AlexJonesShow : It ‚Äôs Official ! mRNA Covid Vaccines Are Euthanizing Thousands of Old People Worldwide ! - https :// ifw . io / hw8   Get Live Broadcast Alerts ! - Text : ' SHOW ' To : ( 833 ) 470 - 0222 $ 50 Off Alexapure Pro Water Filtration System : https :// www . infowarsstore . com / alexapure - pro - water - filtration - system ,CONSPIRACY,average,high,CRITICAL
2188,"‚Äú Finding an HIV vaccine has proven to be a daunting scientific challenge , ‚Äù said Anthony Fauci , MD , director of the National Institute of Allergy and Infectious Diseases , in a press release . ‚Äú With the success of safe and highly effective COVID - 19 vaccines , we have an exciting opportunity to learn whether mRNA technology can achieve similar results against HIV infection . ‚Äù Psychopaths live in their own world . https :// www . nih . gov / news - events / news - releases / nih - launches - clinical - trial - three - mrna - hiv - vaccines ",CONSPIRACY,average,neutral,CRITICAL
3379,"BREAKING ! # Ukraine just silently announced it ‚Äôs the first country to implement the WEF 's ‚Äò Great Reset ‚Äô by setting up a Social Credit Application combining Universal Basic Income ( UBI ) , a Digital Identity & a Vaccine Passport all within their Diia app .   Can this country get any more WICKED ? ! ? ! ? You will NOT hear about this in the MSM , so SHARE like wildfire !   The website is in French , so make sure to translate using your phone . https :// iphonesoft . fr / 2022 / 03 / 16 / ukraine - air - credit - social - application - diia ",CONSPIRACY,average,high,CRITICAL
389,GOVERNMENT IS LYING AGAIN - WE HAVE THE INGREDIENTS THAT CAUSE THE MAGNETISM AT THE INJECTION SITES DUE TO THE NANO META MATERIAL ANTENNAS https :// www . gov . uk / government / publications / freedom - of - information - responses - from - the - mhra - week - commencing - 21 - june - 2021 / freedom - of - information - request - on - reports - of - magnetism - at - covid - 19 - vaccine - injection - sites - foi - 21 - 545 ,CONSPIRACY,average,high,CRITICAL
2734,"HUGE win for FREEDOM in India ! ! !   Their Supreme Court just ruled that it is against their constitution to force individuals to get vaccinated , and also that it is unlawful to persecute against those who are unvaxxed ! India is a BIG target in the eyes of the globalists , so this is a MASSIVE victory ! WWG1WGA Worldwide ! ! !   https :// www . indiatvnews . com / news / india / covid19 - vaccination - not - mandatory - supreme - court - order - unvaccinated - individuals - restrictions - 2022 - 05 - 02 - 773615 ",CONSPIRACY,average,neutral,CRITICAL
1564,"Plandemic | "" Trust The Science "" Psaki on Florida 's Surgeon General recommendation against giving children under 5 the jab : "" Absolutely not ... we know the science , we know the data and what works , and what the most effective steps are of protecting people of a range of ages from hospitalization and even ... death ; It 's deeply disturbing that there are politicians peddling conspiracy theories out there and casting doubt on vaccinations . "" ",CONSPIRACY,average,low,CRITICAL
2280,""" Plandemic Dr. Fraudci On ' Common Cold ' Jabs In 2015 : "" "" The odds are your vaccine is not going to be doing a pretty good job of protecting you . "" "" "" ",CONSPIRACY,short,neutral,CRITICAL
3669,""" Physician or scientist examines Pfizer vaccine and finds inactive , artificial aluminum - bromine - carbon life form . He calls this life form "" "" The Thing "" "" . He says , "" "" This was not created to sit around in the body lifelessly . It 's waiting for a signal ! "" ""   ATTENTION   In the near future , we will need to use microscopic examinations of vaccines by facts checkers and "" "" experts "" "" as well Mark Benecke expect . Of course , you will explain to us that all this is not true ! They have already done this before , because the topic that could be in the masks or test sticks is completely off the table . "" ",CONSPIRACY,long,low,CRITICAL
1313,Vaccine centre in Leeds Crimes against humanity . Vaccine centre staff guilty . Police complicit in medical battery and crimes against humanity - malfeasance in a public office . Crime number 5222236390 5/10/2022 ,CONSPIRACY,average,low,CRITICAL
1529,"Auto - translated statement on the result of the # Italian elections from # ForzaNuova : The end of the center - left as a perennial force of power emerges from the vote : the PD wins about only 1 % of the country . Antifascism turns out to be a blunt and even losing weapon : the Italians vote FDI , that is the experience they perceive as closer to Fascism , the sympathy for which , we recall , is still illegal in Italy . The 5 Stars are awarded in Campania and in the South for positions on citizenship income , Superbonus and blocking of arms delivery to Ukraine . The 4 anti - system parties would have reached 4 % if they had been united but , for protagonism and political myopia , they remain outside Parliament . The government , apparently renewed , will inevitably clash with the Ukrainian question , with the EU noose and with the economic situation which , after a season of great revenues thanks to tourism , is preparing to derail in the coming weeks . We then expect within a few hours , news from the earthquake in Sicily where Cateno De Luca , already an ally of Forza Nuova in the penultimate elections , will have an amazing result . For those who really want to push this regime , a moral and political obligation will be : - merge anti - system lists ; - oppose the US - deep state dependence of the future government ; - mobilize the squares for Peace by building real opposition and against power with precision and speed . ",CRITICAL,long,low,CONSPIRACY
2768,‚Äú We need to just get rid of all the white people because immigrants are the only ones who want to be vaccinated ‚Äù - Dr Carol Baker ,CONSPIRACY,short,low,CRITICAL
3882,"To wrap your head around just how EVIL , and SICK this man is ‚Ä¶ Fauci now wants to vaccinate EVERYONE , especially children with the Polio vax , when it ‚Äôs already been reported on that the Polio vax has caused MORE cases of the disease than the wild virus itself . BTW , since WHEN has Polio been an issue in this country ? ! ? ! [ They ] are SO desperate to KILL you , and your children . https :// abcnews . go . com / Health / wireStory / polio - cases - now - caused - vaccine - wild - virus - 67287290 ",CONSPIRACY,average,neutral,CRITICAL
3809,"Just watch this . I wo n't cover this topic with any other contribution . There are enough other channels doing this already . Conclusion : "" wild "" corona virus is the flu . The vaccines are a biological weapon . @ davidjohnson ",CONSPIRACY,average,low,CRITICAL
3490,Why does a world map of the Pfizer Vaccine distribution match a world map of the current Monkeypox outbreak ? https :// expose - news . com / 2022 / 06 / 05 / monkeypox - hepatitis - covid - 19 - public - health - has - been - hijacked / Join us at : t . me / AgentsOfTruth t . me / AgentsOfTruthChat ,CRITICAL,average,low,CONSPIRACY
1658,"Three of the four gene - based COVID - 19 ‚Äú vaccines ‚Äù ( AstraZeneca , Pfizer , and Moderna ) are contaminated with an abundance of metallic particles . The contaminations alone are reason enough to halt the manufacture of these ‚Äú vaccines . ‚Äù https :// doctors4covidethics . org / investigation - of - metallic - contaminations - found - in - vector - and - mrna - based - covid - 19 - vaccines - preliminary - results / ",CONSPIRACY,average,low,CRITICAL
1300,"Joe Biden failed to provide a logical answer when confronted Tuesday by Fox News reporter Peter Doocy , who asked ‚Äú what is the thinking behind letting untested and unvaccinated migrants ‚Äù into the U.S. https :// summit . news / 2021 / 08 / 04 / video - biden - confronted - on - allowing - untested - and - unvaccinated - illegals - into - u - s / ",CONSPIRACY,average,low,CRITICAL
1075,The same deep state that created the Taliban & invaded Afghanistan on false pretexts is humiliated in the Middle East yet again . Now they ‚Äôre all denying responsibility & crying about it on Twitter . Seethe more . https :// www . youtube . com / watch ? v = muGcHOWPeIU ,CONSPIRACY,average,neutral,CRITICAL
3074,"https :// www . news . com . au / technology / science / human - body / dr - kerryn - phelps - reveals - devastating - covid - vaccine - injury - says - doctors - have - been - censored / news - story / 0c1fa02818c99a5ff65f5bf852a382cf BOO FUCKING WHO . SO YOU REALISE YOUR MURDERING PEOPLE . YOU GET THREATENED WITH YOUR JOB , SO YOU SHUT UP AND CARRY ON INJECTING THIS POISON INTO PEOPLE . THESE POOR ¬£ 100 GRAND A YEAR ( PLUS COMMISSION ON ALL THE OTHER POISONOUS PRODUCTS THEY PUSH ) DOCTOR STORIES DO NOT WASH HERE AT TRUTHPILLS . COWARDS AT THE VERY LEAST .   t . me / truthpills ",CONSPIRACY,long,high,CRITICAL
2201,Judge rules Trump must testify in New York AG James probe | Lee Zeldin | ' Greg Kelly Reports ' https :// youtu . be / Y _ qk3bnW5GY ,CONSPIRACY,short,high,CRITICAL
1247,ALL THE PEOPLE THAT JUST HAD MILD SYMPTOMS WILL DIE SOON UNLESS THEY GET THE PROTOCOL - SEND THIS TOO ALL OF THE COVID 19 VACCINE VICTIMS YOU KNOW - WE HAVE A DUTY TO TRY AND SAVE THEM - INFO @ SAVEUSNOW . ORG . UK ,CRITICAL,average,high,CONSPIRACY
395,"Revelation of the Method Obama on the COVID - 1984 bioweapon : "" Scientists developed safe effective vaccines in record time is an unbelievable achievement . And yet despite the fact that we 've now essentially clinically tested on billions of people worldwide ... "" They ALWAYS tell you ... ",CONSPIRACY,average,neutral,CRITICAL
1092,"https :// anchor . fm / tommyspodcast / episodes / TPC - 594 - Dr -- Meryl - Nass - Anthrax -- Genetic - Warfare - e18vd44 TPC # 594 : Dr. Meryl Nass ( Anthrax & Genetic Warfare ) TPC # 594 is with Dr. Meryl Nass , MD , ABIM . Her Twitter : https :// twitter . com / NassMeryl ? ref _ src = twsrc % 5Egoogle % 7Ctwcamp % 5Eserp % 7Ctwgr % 5Eauthor Meryl Nass , MD , ABIM , is an internist with special interests in vaccine - induced illnesses , chronic fatigue syndrome , Gulf War illness , fibromyalgia , and toxicology . As a biological warfare epidemiologist , she investigated world 's largest anthrax epizootic , in Zimbabwe , and developed a model for analyzing epidemics to assess whether they are natural or man - made . An anthrax expert , Nass has reviewed government - sponsored anthrax research in the context of the Biological Weapons Convention , used anthrax as a model for discussion of how to prevent biological warfare , reviewed anthrax vaccines and their role in biological warfare prophylaxis , and played a central role in educating service members , Congress , and the public about anthrax and the science underlying anthrax vaccine use , as well as other methods of responding to the anthrax threat . She has played a major role in creation of a coalition that has fought the Anthrax Vaccine Immunization Program . Nass is active in assisting legal teams defending anthrax vaccine refusers and ill service members in the U.S. and Canada . # Podcast Links Spotify : https :// open . spotify . com / show / 4bIuk6mPLtjggUUGi9CRPQ ? si = Cvn4e _ GITyuGEiKI3CiSug & dl _ branch = 1 Rumble : https :// rumble . com / c / TPC Bit Chute : https :// www . bitchute . com / channel / DnpKfQr9Cqmx / Odysee : https :// odysee . com /@ bstrickland : 8 Merch : https :// f2s2 . myshopify . com ",CONSPIRACY,long,neutral,CRITICAL
1798,BREAKING NEWS : DARPA Unclassified documents confirm SARS - CoV - 2 was created by EcoHealth Alliance at the Wuhan Institute of Virology coordinated by Peter Daszak . It was designed to be deliberately virulent and humanized resulting in 6.5 million deaths . Anthony Fauci was involved . Follow : @ Covid19vaccinevictims ,CONSPIRACY,average,high,CRITICAL
383,Any more proof needed about their communist technocratic plan ? Communist British scientist dubbed ' Stalin 's nanny ' who wanted face masks and social distancing FOREVER is given top job at World Health Organization ‚Äú Professor Susan Michie ‚Äî a longstanding member of the Communist Party of Britain and Labour donor ‚Äî was yesterday made chair of the WHO 's behavioural advisory group . She will advise the organisation on how to boost compliance with vaccine rollouts and other interventions that help shape national health policy . ‚Äù https :// www . dailymail . co . uk / health / article - 11017119 / Communist - British - scientist - dubbed - Stalins - nanny - given - job - World - Health - Organization . html ,CONSPIRACY,long,low,CRITICAL
3141,""" Leaked State Dept Memo Reveals US Gov‚Äôt Used Taxpayer Money to Create Online Game to ‚Äú Inoculate Youth Against Disinformation ‚Äù - TGP On October 31 , 2022 , the Global Engagement Center ( GEC ) of the State Department issued a memo with the subject line "" "" Cat Park : Another Web based Game to Vaccinate Youth Against Disinformation , "" "" which portrays an arrangement to send off another duty supported internet game . SOURCE @ TheGreatResetTimes Follow us : Telegram | Chat Group | Twitter "" ",CRITICAL,average,high,CONSPIRACY
3284,"BQQQQQQQMFauCGI opens up the possibility that the COVID - 19 vaccine could be making people more likely to be infected by the virus . ‚Äú This would not be the first time , if it happened , that a vaccine that looked good in initial safety actually made people worse . "" - THOUGHTS ?   SHARE ! ! https :// t . me / QNewsOfficialTV ",CRITICAL,average,high,CONSPIRACY
3214,"The Ministry of Health is running a 6 week tour and are looking for two children 's entertainers to make little kids laugh hysterically - while simultaneously brainwashing them about toxic vaccines ! Absolutely disgusting . For two 30 minute "" hypnosis sessions "" the ideal candidate will be paid $ 500 a day to convince young children that toxic vaccines are awesome and will protect them against the mentally - assembled Coronavirus that only exists as letters on a screen . Accommodation and travel expenses will also be provided ! Just imagine how much money the government is pumping into their COVID - 19 propaganda campaign ..... https :// t . me / DebunkingthePlandemic ",CONSPIRACY,long,low,CRITICAL
1083,Well it seems that the ( ( ( NWO ) ) ) has gotten a hold of every publisher . The copy of Mein Kampf : The Stalag Edition that I ordered a month ago has been canceled even tho it was in stock when I ordered . I did find a PDF version so I 'm sharing it with you here : ,CONSPIRACY,average,neutral,CRITICAL
1976,"One of the main reasons people think vaccines ‚Äú block infections ‚Äù is because they ‚Äôve been brainwashed to think ‚Äú vaccines work ‚Äù over the last few decades . Couple that with our politicians and health ‚Äú experts ‚Äù repeatedly telling us over the last year that the COVID vaccines will stop the virus ‚Ä¶ Yet they want to blame the conspiracy theorists for spreading the ( true ) narratives about their vaccines being garbage - and now they have to backtrack , gaslight , and move the goalposts . Shut up you stupid truther ! Pfizer CEO wants money ! ",CONSPIRACY,average,low,CRITICAL
1475,"Magnetic Graphite Found in Vaccine - PROOF Graphite , archaically referred to as plumbago , is a crystalline form of the element carbon with its atoms arranged in a hexagonal structure . It occurs naturally in this form and is the most stable form of carbon under standard conditions . Under high pressures and temperatures it converts to diamond . Graphite is used in pencils and lubricants . It is a good conductor of heat and electricity . Its high conductivity makes it useful in electronic products such as electrodes , batteries , and solar panels I already joined and I highly recommend you to do the same    https :// t . me / QAnonQ17 ",CRITICAL,long,low,CONSPIRACY
2436,BQQQQQQQMMMDoctor provides evidence using vials of how sexual intercourse between an unvaccinated person and a vaccinated person can make an unvaccinated persons blood contaminated - THOUGHTS ?   SHARE ! ! https :// t . me / QNewsOfficialTV ,CONSPIRACY,average,high,CRITICAL
1888,"In China , residents must scan a QR code to enter the Shanghai metro . A PCR test of less than 72 hours is mandatory to maintain your green QR code and to be authorized to access all public places or use transport . @ Covid19vaccinevictims ",CRITICAL,average,neutral,CONSPIRACY
175,"Not even one but THREE DOSES ... of poisons for the little bodies of healthy born children ... JUST IN - Pfizer - BioNTech 3 - dose mRNA injection for children under 5 "" safe and effective "" , FDA staff claimed Sunday based on "" preliminary data "" ahead of Wednesday 's meeting . https :// www . washingtonpost . com / health / 2022 / 06 / 12 / pfizer - vaccine - young - children - fda - analysis / Join us at : t . me / AgentsOfTruth t . me / AgentsOfTruthChat ",CONSPIRACY,average,neutral,CRITICAL
3590,"Every Sunday morning now Neil Oliver trends on Twitter because of his weekly monologue on GB News . Oliver 's monologues consist of calmly and articulately calling out the madness of the vaccine / Covid issue and the self serving hypocrisy of the elites in regards to climate change and the Covid narrative . Naturally this leads to a shitlib backlash but the problem is Oliver is speaking on behalf of the ordinary people and he 's also using reason and speaking from a place of truth . And so what you see by people with FBPE and masks in their avatars is essentially '' Oliver is a poo - poo head '' . Just a litany of dumb low - grade insults . For these people the actual content of what Oliver is saying is irrelevant , what comes first is that he 's been marked as '' enemy '' in the Friend / Enemy distinction . GB News has also been designated low social status , as has questioning vaccines , as has questioning Greta and the climate change agenda . Oliver asks why the elites ca n't just zoom call their conference across the internet , instead we have aircraft carriers burning up diesel in the river Clyde , in the name of reducing carbon emissions . It seems like an eminently logical point to me , but it does n't matter because '' facts '' do n't matter . The only thing that matters is Friend / Enemy narratives and asking why the elites do n't just Zoom call climate change conferences is designated enemy by the shitlibs because they know it deflates the issue , it hurts their '' friendly''narrative . And so we end up with people who think of themselves as left - liberal acting as meat - shields for the financial elite who 're gradually enslaving us all . ",CONSPIRACY,long,low,CRITICAL
1484,The PfizerGate Scandal : Governments worldwide are hiding data to disguise the fact the Covid Vaccines damage the Immune System and cause AIDS Health authorities around the world are manipulating figures in an attempt to hide from the general public that the Covid - 19 injections are causing the fully vaccinated to develop Vaccine Acquired Immune Deficiency Syndrome ; and we can prove it ‚Ä¶ https :// dailyexpose . uk / 2022 / 03 / 26 / pfizergate - worldwide - conspiracy - hide - covid - vaccines - cause - a - i - d - s ,CRITICAL,average,low,CONSPIRACY
1561,"Huge censorship today which also caught us ( @ clopez ) as well . 19 channels , 1 group chat ( and counting ) banned on apple and 1 channel banned from microsoft . Apple Banned Channels . Jan 20 2020 [ appleviolence - ios : section 1.1.1 . ] I 've taken the liberty of sorting through the lists posted today , clearing out usernames and confirming the list . @ iflores @ scott12 @ clarkkara ! @ denise32 @ amberko @ clopez @ pramos @ martintamara @ teresa66 @ xpowers @ scott32 @ matthew07 @ ucooley @ rparks @ wjohnson # @ brownmartin @ slynch @ wrightchristian @ xsimon @ jamespeterson ! - [ Group Chat Banned Only ] ¬ø why ? incompetent pajeet IT workers ( works for some apple users ) # - [ msviolence - ms : section 11.3.1 . ] banned in Microsoft store as well * I 'm on appple ; What can I do ? * 1 . Download the Nicegram app from the app store . 2 . Sign into your Telegram account with the Nicegram app . 3 . Open the official Telegram app back up and send a message saying /start to @ nicegram _ bot 4 . Confirm your age and that you ‚Äôd like to view sensitive content . 5 . Reopen your Nicegram app and viola ! Nicegram no longer working . Please download the Brave Browser and sign into web . telegram . org for now . Will come back with a better solution later . * What does this mean ? * Look real carefully at the list of accounts blocked from Apple today and the kind of content they produce . THESE ARE THE CHANNELS ( ( ( THEY ) ) ) FEAR . Do you see any political commentators like Spic Fuentes on the list ? A single Pagan channel ? What about one of those channels that pumps out constant memes / vids patting themselves on the back ? No . They banned National Socialist , Christian and Dissident News channels . They banned channels who spread information and content relating to current world politics , exposing anti - white agenda . They banned channels who produce content encouraging Whites to be unapologetically Pro - White and that teach Whites how to defend themselves should the time for violence come . They banned channels that exposed the Jewish problem and their role in the destruction of White nations and families . They banned all of us , not just because we brought the truth to light ; but because we told you what to do about it . ",CONSPIRACY,long,low,CRITICAL
1533,"Hearing the Australian military is now going to go door - to - door to "" encourage "" all Australians to get vaccinated . UN strategy is being devised to combat "" anti - vaccine aggression "" in the same manner that terrorism , cyber attacks , and nuclear armament has been dealt with in the past . "" Advancing immunization requires a counteroffensive "" . ",CONSPIRACY,average,low,CRITICAL
3850,"The truth about the real numbers refusing the lethal injection begins to seep out . If this many is refusing now and with the amount of "" misinformation / disinformation "" continually getting out on social media and more people waking up .... what on Earth will Bill do to change that view . He will with his partners release a real virus , something that is actually deadly . https :// dailyexpose . uk / 2022 / 05 / 04 / 74million - unvaccinated - 231million - not - boosted - usa / ",CONSPIRACY,average,low,CRITICAL
523,"A while ago , Radio NZ put out a propaganda piece about so - called "" long Covid "" . John , who is a professor at Massey University said , "" The flu people generally get , it 's vile , it 's lousy , it kills people ... but generally people recover fully after flu . "" John seems to be unaware that people generally recover fully after being diagnosed with so - called "" COVID - 19 "" as well . According to John , "" long Covid "" was first described on social media and then the Washington Post reported on it . Just remember guys , social media is not a reliable source of information unless it agrees with the mainstream narrative , then it is OK to use anecdotal reports from social media users . Moreover , correlation does not imply causation , except when it agrees with the mainstream narrative . John goes on to list off many vague symptoms that are not unique to so - called "" COVID - 19 "" . This is what the New Zealand Ministry of Health have mentioned in regard to "" long Covid "" . Quote : "" As yet , there is no official definition of long COVID or diagnostic criteria for the condition "" . Hilarious ..... The New Zealand media regularly pump out fearmongering stories about "" long Covid "" yet the Ministry of Health do not know how to accurately define it or diagnose it ! Quote : "" What is long COVID ? The term ‚Äò long COVID ‚Äô is commonly used to describe signs and symptoms that continue or develop after acute COVID - 19 ( 4 weeks from the initial infection ) . People experiencing these are sometimes referred to as ‚Äò long - haulers ‚Äô "" . What signs and "" symptoms "" ? The MOH article then lists the following symptoms ; Fatigue Shortness of breath Cough Low mood Headaches Difficulty concentrating , cognitive impairment or ‚Äò brain fog ‚Äô Chest pain ( clinical assessment may be required to investigate the specific cause ) Joint pain Muscle aches and pains Muscle weakness ( this can be a reported symptom , and may also be clinically measured ) Ongoing changes to smell or taste Fast - beating or a ‚Äò pounding ‚Äô heart Sleep disturbances "" . Which of these vague symptoms is unique ? ! Even many of the papers that discuss "" long Covid "" mention that these symptoms are not unique to the Covid boogeyman or his infamous partner in crime "" the Delta - demon mutant "" . A 6 - month retrospective cohort study , published by PLOS medicine states ; Quote : "" Long - COVID clinical features occurred and co - occurred frequently and showed some specificity to COVID - 19 , though they were also observed after influenza "" . "" Showed some specificity to COVID - 19 "" . Huh ? What a joke . https :// t . me / DebunkingthePlandemic ",CONSPIRACY,long,low,CRITICAL
2944,"Part of the reason we will never see the media , mainstream doctors , and government tell the truth , is because trust in America 's institutions is at an all - time low . If after everything we 've been through they start to admit vaccines do n't actually work , wo n't stop everyone from getting Covid , are more likely to kill kids than the virus , and cause a host of serious adverse events , trust in institutions would plummet to zero . They 're playing this to the end no matter what happens long term or short term . They 'll never concede the narrative . For this reason , they wo n't even acknowledge the billions of people who are already naturally immune , let alone tell the truth about the efficacy of masks and lockdowns . Everyone knows the pharmaceutical industry controls governments , and many of the talking heads are in the pocket . This is not a mind - blowing take . But if faith in America 's institutions completely dies , everything crumbles . This would be a good thing by the way . ",CONSPIRACY,long,low,CRITICAL
3628,"For a long time all vaccines contained toxic amounts of Mercury , which got the vaccine companies into costly legal battles , due to the damage and injuries ( including a slow death from mind and body neurodegeration ) that Mercury causes in the brain and body . So then they replaced it with another - just as damaging - heavy metal , but in the form of aluminum adjuvants , which is even more destructive for the brain and body than in its natural form , which already is extremely toxic when injected into a living body . This video focuses on some of the damages it causes and how it 's just as , and even more / just as dangerous than / as all the other toxic ingredients that are in the vaccines , including those in the newest one : mRNA vaccines with horrific things like toxic Spike proteins , graphene hydroxide / oxide etc that are in the Covid injections which are now also being added in all vaccines , including childhood vaccines or even fIu shots . Join us at : t . me / AgentsOfTruth t . me / AgentsOfTruthChat ",CONSPIRACY,long,low,CRITICAL
3638,"A private owned vaccine sales company that owns patents on more than 40 vaccines is allowed to spy on citizens by given access to their whereabouts at all times , whenever they ask for it and the governments allow this . How is this ok ? ? ? Join us at : t . me / AgentsOfTruth t . me / AgentsOfTruthChat ",CRITICAL,average,low,CONSPIRACY
1923,""" British State Deployed Counter - Terrorism Unit to Crush Social Media and Scientific Dissent on Vaccines and Lockdowns as the World economic forum mass murder attack on the Country was implemented . The 5GW warfare was declared on the general public . "" "" As far as Hancock was concerned , anyone who fundamentally disagreed with his approach was mad and dangerous and needed to be shut down ‚Ä¶ Aided by the Cabinet Office , the Department of Health harnessed the full power of the state to crush individuals and groups whose views were seen as a threat to public acceptance of official messages and policy . As early as January 2020 , Hancock reveals that his special adviser was speaking to Twitter about ‚Äú tweaking their algorithms ‚Äù . Later he personally texted his old coalition colleague Nick Clegg , now a big cheese at Facebook , to enlist his help . The former Lib Dem Deputy Prime Minister was happy to oblige . Such was the fear of ‚Äò anti - vaxxers ‚Äô that the Cabinet Office used a team hitherto dedicated to tackling Isis propaganda to curb their influence . The zero - tolerance approach extended to dissenting doctors and academics . The eminent scientists behind the so - called Barrington Declaration , which argued that public health efforts should focus on protecting the most vulnerable while allowing the general population to build up natural immunity to the virus , were widely vilified .. For his part , Johnson occasionally fretted that they might have a point . In late September 2020 , Hancock was horrified to discover that one of the architects of the Declaration , the Oxford epidemiologist Professor Sunetra Gupta , and her fellow signatory Professor Carl Heneghan , Director of the University of Oxford ‚Äôs Centre for Evidence - Based Medicine , had been into Downing Street to see the Prime Minister . Anders Tegnell , who ran Sweden ‚Äôs light - touch approach to the pandemic , attended the same meeting . Hancock did not want them anywhere near Johnson , labelling their views ‚Äú absurd ‚Äù . Anti - lockdown protests were quickly banned . When , in September 2020 , the Cabinet Office tried to exempt demonstrations from the ‚Äò rule of six ‚Äô , Hancock enlisted Michael Gove to ‚Äú kill it off ‚Äù , arguing that marches would ‚Äú undermine public confidence in social distancing ‚Äù . Gove had no qualms about helping ‚Ä¶ "" "" https :// dailysceptic . org / 2022 / 12 / 08 / british - state - deployed - counter - terrorism - unit - to - crush - social - media - and - scientific - dissent - on - vaccines - and - lockdowns / "" ",CONSPIRACY,long,low,CRITICAL
502,"Who else finds it awfully peculiar that the US is taunting a war with China , at the SAME time that the COVID vaccine ‚Äú safety and effectiveness ‚Äù narrative is literally going up in flames , WORLDWIDE .   Anyone else find that a tad bit interesting ? ? ? ",CRITICAL,average,neutral,CONSPIRACY
